post_title;category_title
"Současná opatření nestačí, musíme očkovat dva miliony měsíčně, říká Prymula";Domácí
"Postavme turistům přesnou kopii Benátek, třeba hned vedle, navrhuje ekonom";Zahraničí
"Výrobce skútrů Čezeta Motors je v insolvenci, má milionové dluhy";Ekonomika
"Řidič nedal přednost sypači, střet jeho auto odmrštil před nákladní vůz";Regionální
"Pandemie přeje drahým kovům, stříbro je o polovinu dražší než před rokem";Ekonomika
"Exministr Vojtěch bude velvyslancem ve Finsku. Trafika, říká opozice";Domácí
"Odsouzený vrah Kramný stane znovu před soudem, požaduje obnovení procesu";Regionální
"Německo chce prodloužit cestovní omezení, dotknou se také Česka";Zahraničí
"A co na to občan? Zemřel Otakar Černý, legendě televizní obrazovky bylo 77 let";Sport
"Jablonecký kouč po Boleslavi: Byl to hlavně boj, remíza je pro nás ztráta";Sport
"Rozjeté Slovácko čeká Příbram. Čeká nás další zrádný zápas, říká Hofmann";Sport
"Slavia vyrábí prvotřídní zboží. I Provod už může myslet na velký přestup";Sport
"Wolverhampton slaví výhru nad Leedsem, rozhodl vlastní gól brankáře";Zahraničí
"Wolfsburg už je v bundeslize třetí, zápas s Bielefeldem rozhodl Steffen";Zahraničí
"Urážky na Zlatanovu adresu odsuzujeme. Crvena zvezda se omluvila za chování fandů";Sport
"Jablonec - Boleslav 1:1, hosté vedení neudrželi, na výhru čekají jedenáct zápasů";Sport
"Slavia z Evropy do Teplic. Sparta hraje ve Zlíně a Plzeň proti Bohemians";Sport
"Jablonec kontumačně porazil Líšeň 3:0 a je v osmifinále MOL Cupu";Domácí
"FAČR stále doufá, že bude možné dohrát sezonu amatérského fotbalu";Domácí
"Ani vedení o dva góly na Vary nestačilo. Hokejová Plzeň zase prohrála";Sport
"McDavid a Draisaitl ve stínu. Rittich v bráně kouzlil a vymazal hvězdy";Sport
"0 střel na branku za 20 minut. Nedívali jste se blbě? divil se hradecký bek";Sport
"Rozkaz z nádraží: Hrajte něco! A Olomouc srazila hokejisty Sparty";Sport
"Nečas se blýskl dvěma body, brankář Rittich byl hvězdou i přes prohru";Sport
"Fanoušci chybí, dělají hokej, smutní Růžička. A Jaškin? Je úžasný";Sport
"Spartu po selhání střídá v čele Třinec. Kometa předvedla gólostroj";Sport
"Dva nakažení hokejoví reprezentanti, finští krajánci míří do karantény";Sport
"Sklenář čeká na diváky. Derby bez nich nemá náboj, říká útočník Hradce";Sport
"Klíma po blamáži: Hráči si nezaslouží být na ledě. A zrušil tréninky";Sport
"Pardubický Zohorna: Přesilovky trénujeme. Takoví frajeři zase nejsme";Sport
"Obránce Řezníček: Dokázal jsem si, že můžu být užitečný i dopředu";Sport
"Filippi fandí libereckým Tygrům na dálku, svůj návrat nevyloučil";Sport
"Hokejisty Plzně čeká derby ve Varech, zaberou konečně venku?";Sport
"Motor bude příští rok výš, tvrdí o svém bývalém týmu liberecký brankář Kváča";Sport
"Dovednostní soutěž pomáhá hokejistům Karlových Varů  k bodům";Sport
"Desítka Trhačům utnula špatnou sérii hokejistů Sokolova";Sport
"Vedení hokejového Litvínova uplatnilo opci na obránce Demela";Sport
"Olomoucký útočník Klimek čekal návrat jednodušší: Snad se ještě zvednu";Sport
"Místo skořice kokain. Celníci v Ohiu objevili drogu v cereáliích";Zahraničí
"Nikdy nevíte, kde se vaše intimní fotky objeví, říká oběť revenge porna";Domácí
"Český silák dobývá Skotsko: klábosil s královnou, princ Charles ho zval na lov";Sport
"Slalom na MS v Cortině vede Pertl, Berndt se vešel do elitní třicítky";Sport
"Nestlé chystá KitKat bez mléka. Veganská nabídka roste i u dalších výrobců";Ekonomika
"Lahůdka u McDonald\'s. Fastfood nabízí burger michelinského šéfkuchaře";Ekonomika
"Potřebujete řemeslníka? Můžete čekat měsíce. Chybí nejen lidé z Ukrajiny";Ekonomika
"Čím naplnit trubky? Ve hře je syntetický metan, biometan či vodík";Ekonomika
"Umíte si odpovědět, co je feminismus? ptá se zpěvačka Katarzia";Celebrity
"Lehkost se někam vytratila, vysvětluje Paleček, proč už nehraje s Janíkem";Celebrity
"Další sparťan na cestě. Bývalý fotbalista Kadlec se těší na druhého potomka";Celebrity
"Má 5G i jeden pořádný kompromis. Test Samsungu Galaxy A42 5G";Technologie
"iPhone 13 by mohl přinést zajímavé změny. Základ se však měnit nebude";Technologie
"Xiaomi má alternativu pro drahé modely Mi 11. Může to být prodejní trhák";Technologie
"Všechny devětatřicítky. Výlet u příležitosti významného kontraktu";Věda
"Co může ukázat snímek Slunce, odhaluje v Rozstřelu matematik a fotograf";Věda
"Muž nakažlivého smíchu Svitáček se po zákazu objevil i ve Formanově Amadeovi";Věda
"Čína poprvé dorazila k Marsu a hned tam plánuje výsadek";Věda
"Proč vybuchla loď firmy SpaceX? Byli jsme příliš hloupí, uznal Musk";Věda
"Krást se nevyplácí. Dav před 100 lety málem zlynčoval kriminálníky";Věda
"Mohou v rovníkové Africe do dneška přežívat dinosauři?";Věda
"Covidová realita: „Dobrý den, tady filharmonici. Přivezli jsme vám nákup“";Kultura
"Řidiči přispívají pokutami z úsekového měření na nový domov pro seniory";Regionální
"U Bendy na oslavě byl soudce Čapek, důkazů mám dost, říká předseda soudu";Ostatní
"Autoritáři a pokrytci. První jednání USA a Číny za Bidena začalo přestřelkou";Zahraničí
"Dostal jsem nabídku být ministrem zdravotnictví, odmítl jsem, řekl Smejkal";Domácí
"Cestu vlakem ze Znojma do Brna chtějí s novou tratí zkrátit na 25 minut";Regionální
"Krejčí oslavil 700. bod, Pastrňák s Voráčkem se zapsali mezi střelce";Sport
"Washington ožil, v přestřelce si poradil s nejlepším. Jednička draftu zazářila";Sport
"Jen já a rolbař. Jak se Březinová v Brně připravovala na mistrovství světa";Sport
"Pardubický gólman Klouček pod palbou: Lepší než v bráně jen stát";Sport
"Katastrofa, hrůzostrašný zákrok na Koláře. A jeho nástupce se stal hrdinou";Sport
"Byla to suprová sezona, říká Bank. Ester můžou porážet jen největší hvězdy";Sport
"Jasná světová jednička. Apple drtí konkurenci s hodinkami a sluchátky";Technologie
"Za znásilnění má černoch 4 roky, za názor běloch šest, přemítá Klaus mladší";Domácí
"Lidé s kódem od specialisty se budou moci hlásit k očkování přednostně";Domácí
"KOMENTÁŘ: Pizzu za očkování, aneb jak vyzrát na odpírače vakcín";Domácí
"Pařížané prchají z metropole, chtějí to stihnout před měsíční uzávěrou";Zahraničí
"Ohrožené luňáky někdo otrávil, ornitologové je našli díky vysílačkám";Regionální
"Wu-chan to nebyl, virus se šířil z farem na jihu Číny, zjistil tým WHO";Zahraničí
"Hlídka přistihla řidiče vezoucího velké rostliny konopí, hrozí mu vězení";Regionální
"Uberu výrazně narostou náklady. Řidiči si vybojovali status zaměstnanců";Ekonomika
"VIDEO: Auto přepadlo přes svodidla, viselo nad osmdesátimetrovou propastí";Zahraničí
"Stát přeťal kvůli covidu kontakty rodičů s dětmi v kojeneckých ústavech";Domácí
"Čerstvý sníh dělá potíže řidičům, silničáři varují před špatnou dohledností";Domácí
"Zeman se kvůli Sputniku chová jako ruský agent, řekl Kalousek. Soukup přitakal";Domácí
"Frodl odejde. A Gulaš? Je to otevřené, říká plzeňský šéf Straka";Sport
"Jednoho soupeře pro Euro si basketbalisté vybrali sami, vyzvou Polsko";Sport
"Vladařova bezva premiéra. A co další Češi na prahu NHL? Cesta vede přes farmu";Sport
"Rozlétaný křídelník Jurka: stíhá reprezentaci, Evropský pohár i extraligu";Sport
"V kotníku se mi zpřetrhalo vše, co se dalo, zoufá si ostravský Janků";Sport
"Divná sezona s jednou jistotou: Veselý táhne Turky k vítězstvím";Sport
"Dohra Rangers - Slavia: UEFA ví o napadení Kúdely, čeká na zprávu sudích";Sport
"White se po třech letech vrátil do U-rampy, Tocuka dostane soupeře";Sport
"Synkova vláda v českém veslování skončila, nejlepší je čtyřka mladíků";Sport
"Odložte Valašku, hasiči a policisté mají důležitější práci, vyzývá automobilka Škoda";Sport
"Mírný posun vpřed. Slavia dál táhne český koeficient, až na klíčové pozice?";Sport
"Slávistický brankář Kolář utrpěl v Glasgow frakturu čelní kosti";Sport
"POHLED: Berbra neubrzdil. Malíkova éra se do fotbalových dějin zapíše neslavně";Sport
"Jihlava se chybou připravila o gólmana. Obrovský amatérismus, vyčítá si";Domácí
"Jihlavský veterán Skořepa věří, že zůstane tichým kapitánem";Sport
"Spása od stolu. Otrokovičtí florbalisté zůstávají v superlize";Sport
"Šestnáctiletý snowboardista Hroneš zaujal na juniorském MS osmým místem";Sport
"Hokejový dříč Výtisk: Play off si užívám, i Jihlavu chceme kousat";Sport
"Podještědské derby číslo 56: Liberec bojuje s Jabloncem o třetí místo";Sport
"Letáček nám loni rozjel postup, zvládne to i s Boleslaví, věří pardubický kouč";Sport
"Vodného svrběly ruce, pomoci Třebíči však se zlomeninami nemohl";Sport
"Slavia? Lepší, ale k poražení, píší v Británii. Odsoudili závěr i faul na Koláře";Sport
"RECENZE: Ještě přímočařejší než Michal David sám je  film o něm";Kultura
"VIDEO: Jelen přišel s volným pokračováním hitu Magdaléna";Kultura
"Daně 2020: možné úlevy a tipy pro ty, kteří mají příjmy z ciziny";Finance
"Matěj Stropnický žil s šestinásobnou matkou, jeho partner hlídal její děti";Vztahy
"Nemoc léčí vztahy v rodinách, říká lékař umírajících";Zdraví
"OBRAZEM: Slavné krásky, které se v požehnaném stavu odhalily";Móda
ého konce: Věřil jsem do poslední vteřiny";Sport
"Hvězda rally parkuje mezi vinohrady. Chci zpátky titul, netají Kopecký";Sport
"POHLED: Vstup do kvalifikace bez kapitána. Mizí Dočkalovi šance na Euro?";Sport
"Real je ve čtvrtfinále po dvou letech. Kouč Zidane: Soupeř si ani nečuchl";Sport
"Rok v Rusku a pak? Variantou číslo jedna je Motor, naznačil gólman Kovář";Sport
"Woods po nehodě konečně opustil nemocnici. Návrat ke golfu? Předčasné";Sport
"Basketbalistky USK vyhrály úvodní čtvrtfinále proti Trutnovu kontumačně";Sport
"Klíčové čtvrtfinále mezi volejbalistkami Brna a Ostravy se odkládá";Sport
"Počasí škrtá sjezd z finále SP. Trofeje pro Feuze a Goggiaovou, Ledecká osmá";Sport
"Máme respekt, ale jdeme si pro vítězství, vyhlašuje pardubický Kolář";Sport
"Lucie se připravuje na turné, vydá nové album a fotoknihu";Kultura
"Rovnost není stejnost, píše autor knihy Muži jsou z Marsu a ženy z Venuše";Kultura
"Parkway Drive letos v Praze koncertovat nebudou, přesouvají turné";Kultura
"Mám štěstí, že mohu pracovat. Martin Dejdar namluví starého Hovnayse";Kultura
"„Střídavka“ v lockdownu? Malá část rodičů situaci zneužívá, říká advokátka";Vztahy
"Miss Earth Tereza Fajksová je podruhé maminkou. Těší se z narození syna";Celebrity
"Byla jsem úplně nahá, Vojta Dyk viděl vše, popsala natáčení Nesvačilová";Celebrity
"Absurdnější mobily jsme neviděli. V kapse se pořádně pronesou";Technologie
"Naštval vás LastPass změnou pravidel? Tady jsou alternativy";Věda
"Zmijí šupiny i mořský vysavač. Příroda očima finalistů Czech Nature Photo";Ostatní
"Toyota chce zachránit třídu nejmenších aut. Nové kolínské Aygo poodhaleno";Auto-moto
"V bojovce Brawlhalla se objeví postavičky z Kung Fu Pandy";Hry
"Activision Blizzard propustil padesát zaměstnanců";Hry
"Do prodeje míří plyšák podle nejdivnějšího hrdiny z Mass Effectu";Hry
"Novinka Ashwalkers od autora Life is Strange vyjde v dubnu";Hry
"Jade Raymondová po odchodu z Googlu založila nové studio";Hry
"Putin podle zprávy řídil ovlivňování voleb. Je zabiják, zaplatí, reaguje Biden";Zahraničí
"Blatný bude jednat s opozicí a hledat podporu pro delší nouzový stav";Domácí
"Tolik nenávisti jsem ještě nezažila, rozplakala se u soudu politička";Domácí
"Česká televize odvysílá rozhovor Harryho a Meghan s Oprah Winfreyovou";Ostatní
"O obsazení části poslaneckých křesel mají rozhodovat strany, ne voliči";Domácí
"Evropská komise navrhla covidové pasy. Majitelům umožní volně cestovat";Domácí
"Pivovar Purkmistr hledá nové cesty. Zkouší Zbitou hrušku nebo Bábu Kořenářku";Ekonomika
"Zkažené pivo se nahradit může, zavřená hospoda nikoli, vadí senátorům";Domácí
"Zdrogovaný recidivista rozbíjel výlohy v centru Prahy, slyšel z nich hlasy";Ostatní
"Zákaz pohybu a návštěv je nesmysl, odmítá šéf ODS Fiala názory odborníků";Domácí
"V pořadu ČT radí maturanti maturantům, jak zvládnout didaktický test";Ostatní
"Soud odmítl dovolání v Rathově kauze. Exhejtman se obrátí na Evropský soud";Domácí
"Exsenátor Novák dál nesmí vycestovat ze země, soud žádost zamítl";Ostatní
"Bývalý pasťák v Králíkách koupil majitel skiareálu, starosta to kvituje";Regionální
"Německo pozastavením AstraZenecy spustilo dominový efekt, píše list NYT";Zahraničí
"Polsko hlásí desetitisíce nových případů covidu, zvažuje celostátní uzávěru";Zahraničí
"Na večírku Petra Bendy byl i teplický soudce. Hrozí mu kárná žaloba";Ostatní
"Šlachtova Přísaha jde do boje o Sněmovnu. Podpořilo ji 19 tisíc lidí";Domácí
"Ústavní soud nařídil znovu otevřít spor o pozemky Colloredo-Mansfeldů";Regionální
"Kyslíku je málo, potřebujeme nouzový stav, říká Hamáček. Hygiena předělá PSA";Domácí
"Úleva, která se může prodražit. Experti varují před odkládáním technické";Domácí
"Zpátky do školy i restaurací. Není rozvolňování chyba? ptají se Američané";Zahraničí
"Bahrajnský princ chtěl pomoci Nepálu. Přivezl vakcíny, jenže bez povolení";Zahraničí
"Kvůli covidu se do škol přes online zápisy dostaly i nevyzrálé děti";Regionální
"Skokani na lyžích hledají nového kouče, Vaculík po sezoně skončí";Sport
"Mikrofony nám ztěžují práci. Šéf rozhodčích o nevděčné práci na ledě";Sport
"Vrána je po rodinné tragédii zpět a chystá se na Brno. Pomůžeme mu, slibuje kouč";Sport
"Basketbalistky Slavie nebudou hrát v Brně, USK vyhrál kontumačně";Sport
"U hokejistů Buffala skončil po 12. zápase bez výhry kouč Krueger";Sport
"Guardiola: Už pět let mám za úkol Ligu mistrů vyhrát. Je to pořád daleko";Sport
"V estonské nominaci na kvalifikaci o MS je i karvinský Sinjavskij";Sport
"Ducár si věří. Billam-Smith v sobě nemá padoucha, míní český boxer";Sport
"Vsetínský tahoun Kucharczyk: Po play off už to zapíchnu. Ať hrají mladší";Sport
"Armáda Sparta. Zbrojí na čtvrtfinále a chystá dokument z play off";Sport
"Muchová vynechá velký turnaj v Miami, zranění přibrzdilo i Strýcovou";Sport
"Cesta havlíčkobrodských stolních tenistů do semifinále vede přes Hodonín";Sport
"Rangers o Slavii: Jeden z nejsilnějších týmů soutěže. Máme respekt, ale ne strach";Sport
"Trenér Sobotka se vrací k hokejistům Žďáru nad Sázavou";Sport
"Páté zápasy předkola rozhodnou. Ve hře je také horácké derby";Sport
"Z nuly až k ústecké fantazii. Míra Mach má vnitřní kouzlo, chválí Čaloun";Sport
"Hry v Tokiu bombarduje koronavirus i skepse Japonců. Už i těch sportujících";Hry
"Obhájce prvenství Pastrňák vládl v úvodním kole hlasování o Zlatou hokejku";Sport
"Plzeňské házenkářky Drozdová s Řezáčovou jsou na kempu v Polsku";Sport
"Asociace: návrat restaurací k běžným obratům může trvat i dva roky";Ekonomika
"Místo Všechnopárty má Karel Šíp Minišou, rozhovory vedené na dva metry";Kultura
"Loutka a dvě slunce. Balet Národního divadla míří s premiérami na YouTube";Kultura
"OBRAZEM: Coco Austin má narozeniny, proslavila se obřím poprsím";Móda
"Zdraví do kapsy doplní stravu i pohyb. Jak vybrat správné vitaminy?";Zdraví
"Mám pocit, že na umělecké školy vláda nebrala zřetel, říká herečka Svobodová";Celebrity
"Podvedla mě při první příležitosti, říká po rozchodu s Třešničkovou podnikatel";Vztahy
"Štěpničkova postava zemře. Herec se bojí covidu a odstěhoval se z Prahy";Celebrity
"Samsung právě představuje nástupce nejprodávanějšího modelu. Bude víc verzí";Technologie
"Mongolsko před 100 lety vyhlásilo nezávislost, dlouho nevydržela";Věda
"Prodeje hororu Amnesia: Rebirth přesáhly sto tisíc, na zisk to nestačí";Hry
"Vyšel update 1.4 do Genshin Impactu";Hry
"Počet případů koronaviru v JAR výrazně poklesl, vědci netuší proč";Zahraničí
"Arabské kavárny spustily trend nápojů v kojeneckých láhvích. Úřady zasáhly";Ekonomika
"Putin je zabiják, řekl americký prezident. Rusko stahuje svého velvyslance";Zahraničí
"Máme vaše záběry. Zaplaťte, nebo je zveřejníme. Sextoriton spamy se znovu šíří";Domácí
"Hitler v současném Brně. Milovník historie vyrobil koláže z jeho návštěvy";Regionální
"Developer z Humpolce míří za nizozemskými kořeny. Čeká ho tam poptávka Britů";Ekonomika
"Brazílie čelí historickému kolapsu. Rozprašme dezinfekci, šokoval politik";Zahraničí
"Krádež řepky pro slepice vyjde muže na tisíce";Regionální
"Psychika mužů více trpí. Kvůli stereotypům si o pomoc říkají příliš pozdě";Domácí
"Děti se vrátí do škol po půli dubna. Míříme k 10 tisícům hospitalizovaných";Domácí
"ODS přichází o své „enfant terrible“. Novotný oznámil, že ve straně skončí";Domácí
"Armáda musí kanibalizovat obrněnce ze skladů, nákup nových je znovu ohrožen";Ostatní
"Při požáru příbytku málem zemřeli dva bezdomovci, jednoho museli oživovat";Regionální
"Pouštění odposlechů ze Stoky zrušila nemoc, řešila se tak zpackaná oprava";Regionální
"Slovenská vláda chce delší nouzový stav, lidé nesmí do ciziny na dovolenou";Zahraničí
"Ženu soudí za množení psů. Svědkyně tvrdí, že několik zvířat bylo jejích";Regionální
"Čeká nás největší růst ekonomiky od Reaganových dob, věští američtí bankéři";Ekonomika
"Muzeum nahradilo římské číslice arabskými. Negramotnost, zlobí se Italové";Zahraničí
"Blatný: Systém zdravotního pojištění nevydrží do roku 2023, vyčerpá se letos";Domácí
"Zkažené pivo se nahradit může, zavřená hospoda nikoli, napadli senátoři";Domácí
"Sparta - Ostrava 1:0, v závěru rozhodl o postupu v poháru Hancko z penalty";Domácí
"Nadstavba NBL kvůli covidu potrvá déle a mírně se změní play off";Sport
"Turín v nastavení otočil dohrávku italské ligy se Sassuolem";Zahraničí
"James zvýšil svůj podíl v Liverpoolu a vstoupil do Red Sox. I v NBA chce vlastní klub";Sport
"Jiráček končí ve fotbalovém Zlíně za nejasných okolností";Sport
"Tady je Vladařovo! Debut snů, rady od Haláka, památeční puk. Půjdu s ním spát, smál se";Sport
"Nestárnoucí ikona pokračuje. Jindřišek prodloužil smlouvu v Bohemians";Sport
"České házenkářky budou v Polsku ladit formu na play off o MS";Sport
"Sázka na jistotu. Krejčí vysvětlil nominaci na malé Euro i absenci Hložka: Necítil se";Sport
"Tvrdý boj s Kometou i bolestí. Nemáme se za co stydět, prohlásil kouč Holaň";Sport
"U hokejistů Buffala skončil po dvanáctém zápase bez výhry kouč Krueger";Sport
"Měli jsme to těžké, Baník hrál dobře, řekl Vrba. Byl rád za postup i nulu vzadu";Domácí
"Pivo z Frýdlantu zachránily večerky. Teď ho pozná Anglie, těší majitele";Regionální
"Zemřel dirigent Levine, legenda Metropolitní opery";Kultura
"Hraní v Irsku na ulici byla ohromná škola, říká frontman skupiny Jelen";Kultura
"Funkce chránící soukromí je přínosná, uznal podle Applu francouzský úřad";Technologie
"Samsung představil nástupce prodejního hitu. Je levnější než předchůdce";Technologie
"Smutný konec královny zeleného pekla. Sabine Schmitzovou zabila rakovina";Auto-moto
"Další přídavek pro DOOM Eternal je za rohem, podívejte se na trailer";Hry
"V dubnu se konečně dozvíme víc o strategii Age of Empires IV";Hry
"Situace v Polsku se nelepší, vláda zpřísňuje omezující opatření";Zahraničí
"Tanzanská vláda ohlásila úmrtí dlouho nepřítomného prezidenta, popíral covid";Zahraničí
"Volby vyhrál podle prvních odhadů Rutte, vládu sestaví už počtvrté";Zahraničí
"Kybernetické hrozby pohlídají zpravodajci. Získají i právo k protiútoku";Domácí
"Netflix chce v Praze točit špionážní thriller s Ryanem Goslingem";Kultura
"Miska z garážového prodeje se v aukci prodala za skoro 16 milionů";Ekonomika
"Přibývají stovky hospitalizovaných dětí. Může za to postcovidový syndrom";Domácí
"Slávistky nenastoupily a s KP Brno vypadly, také USK vyhrál kontumačně";Sport
"Ústí vládne nadstavbě NBL, bez porážky jsou i Královští sokoli";Sport
"Chelsea přehrála Altético i doma, Bayern si pojistil postup výhrou";Sport
"Reisingerová vládla střelkyním, ale Girona v Eurolize prohrála";Sport
"Martincová vypadla v Petrohradu v 2. kole, mezi nejlepší stovku zatím nepůjde";Sport
"Fotbalisté Sevilly porazili v dohrávce španělské ligy Elche";Zahraničí
"Hokejisté Slavie a Litoměřic postoupili do čtvrtfinále první ligy";Sport
"Házenkáři Plzně porazili Duklu a ještě mohou vyhrát základní část";Sport
"Skotové řešili výjimečného McGregora. Jak na něj? Není to král džungle, řekl Masopust";Sport
"Pár miluje drsný sex, zjistila vyměněná manželka. Neboj, uklidnil ji Mirek";Vztahy
"Souboj nejlepších ukázal, jak MasterChef mění amatéry v profesionály";Ostatní
"Cestovky se těší na covid pasy, novinka může zachránit letní sezonu";Ekonomika
"Soláry a ovce na jednom poli? Experty překvapil zájem o agrivoltaiku";Ekonomika
"Portugalsko bylo horší než Česko, teď je covidovým premiantem. Jak to dokázalo?";Zahraničí
"Odkupme vakcínu AstraZenecy od zemí, které jí očkovat nechtějí, nabádá Balík";Domácí
"Tichý start sezony slovenského šampiona. Ale já se vrátím, hlásí Sagan";Sport
"Kontrola nemocenské může přijít kdykoli. Kdy hrozí výpověď a kdy pokuta";Finance
"Do penze o pět let dříve. Předdůchod nabízí řadu výhod";Finance
"Ponorka je časovaná bomba. Přežijte ve zdraví pod jednou střechou";Vztahy
"Hypercholesterolemie se u nás dědí. Lékaři mi ji zjistili v sedmnácti";Zdraví
"Vyberte si ideální kabelku. Hitem jsou velké i zářivé";Móda
"Jste delfín, nebo lev? Řiďte se svým biorytmem a užijte si celý den";Ostatní
"Radost v těžkých časech. Bouček i Kopta prožili v pandemii osudový rok";Celebrity
"Máte starší smartphone s 3G? Za chvíli bude s daty v Česku k ničemu";Technologie
"Evropské přerušení očkování nedává smysl. Naše X vám ukážou proč";Věda
"Jsou takový zázrak, jak na Facebooku tvrdí? Zkusili jsme sluchátka PaMU";Věda
"Dezinfekce funguje až po důkladném úklidu. Se špínou si nerozumí";Ostatní
"Digitalizace úřadů v Česku: k zápisu tažného zařízení je třeba nové lejstro";Auto-moto
"Boxster zachránil Porsche v úzkých. Chytré šetření si vyžádal spěch a nouze";Auto-moto
"Dota vydělává miliony, přesto se na její tutoriál musí skládat hráči";Hry
"Prestižní Pritzkerovu cenu za architekturu získalo duo Francouzů";Ostatní
"Luxusní byt šokuje. Připomíná jeskyni a omítky má uplácané z hlíny";Ostatní
"Tiché procházky po Rychlebských horách. Tady budete v klidu i po pandemii";Ostatní
"Dálnici D1 na Brno uzavřela na Vysočině nehoda tří aut, v místě hustě sněžilo";Regionální
"Místo jara sníh a v noci až minus 10. Oteplí se pozvolna příští týden";Domácí
"Vláda rozhodne o opatřeních proti covidu po třech týdnech uzavření okresů";Domácí
"Důležitý brněnský uzel „sváže“ oprava, všechny neduhy však nezmizí";Regionální
"Cesta z přerovského dopravního pekla povede „průpichem“ přes továrnu";Regionální
"Děti do školy pustí jen otisky prstu. Budovu hlídá biometrický zámek";Regionální
"Polsko hlásí desetitisíce nových případů covidu, vláda vyhlásila lockdown";Zahraničí
"Nizozemské volby vyhrál dle prvních odhadů Rutte, vládu sestaví už počtvrté";Zahraničí
"Rangers devíti góly smetli Philadelphii, bodovali i Chytil s Hájkem";Sport
"Chyceni za rohy. Druhý poločas sebral Chicagu vítěznou sérii";Sport
"Za 5G smartphone nemusíte utrácet příliš. Za tyto nedáte ani 10 tisíc";Technologie
"Vylepšené Disco Elysium vychází 30. března";Hry
"V Německu přibylo nejvíc případů od ledna, i tak klesá ochota k očkování";Zahraničí
"Stát odškodnil anarchistu-vegana skoro milionem. Oběť provokace chce víc";Domácí
"Vyspíme se o hodinu méně. Na konci března přejdeme na letní čas";Domácí
"Strážníky ohrozil řidič se sluchátky na uších, místo poznávací značky měl hadr";Ostatní
"Řidič pil za jízdy v kamionu, se dvěma promile mířil ze Slovenska do SRN";Regionální
"Žďár chce po státu miliony za prohraný vleklý spor s bývalou učitelkou";Regionální
"Těžba kryptoměn zažívá rozkvět. V Pákistánu k ní využijí vodní energii";Ekonomika
"Horší je jen San Marino. Poměrný počet obětí patří v Česku k nejvyšším";Domácí
"Senátoři cupují návrh na povinné množství českých potravin v obchodech";Domácí
"Trump za prezidentování přišel o 700 milionů dolarů, je chudší než Babiš";Zahraničí
"Sex jako motiv. Policie obvinila  z vraždy podezřelého z masakru v Atlantě";Zahraničí
"Při přestřelce se zlodějem na benzince v Trutnově byl zraněn strážník";Regionální
"Pod Ještědem hořela historicky zajímavá roubenka, hasiče potrápil sníh";Regionální
"Španělský parlament bude hlasovat o eutanazii, očekává se její schválení";Zahraničí
"Podezřelá úmrtí po očkování proti covidu se za týden zdvojnásobila";Domácí
"Na radnici Brno-střed byli policisté, zajímají se o údajné kupčení s byty";Regionální
"Hradec vybral vítěze tendru na fotbalový stadion, slevu město nechce";Regionální
"Paliva v Česku skokově zdražila, cena benzinu roste nejrychleji za 10 let";Ekonomika
"Ve středu přibylo necelých 12 tisíc případů covidu, reprodukční číslo kleslo";Domácí
"Ledecká ve finále SP nepojede ani super-G, závod byl kvůli mlze zrušen";Sport
"Play off je radost, užívám si každou chvíli. Havíř stojí před novým zážitkem";Sport
"Sparta ve čtvrtfinále poháru opět doma, Slavia se představí v Olomouci";Domácí
"Malík na šéfa fotbalu kandidovat nebude. Síly soustředím na reprezentaci, řekl";Sport
"Olympig? Takhle ne! Kreativní šéf olympiády urazil umělkyni a končí";Hry
"Hlad a žízeň? Trápení končí. Liška už ve dvaceti uzavřel kariéru žokeje";Sport
"Chyceni za rohy. Chicago se zbrklostí připravilo o vítěznou sérii";Sport
"Pan Legenda vs. Slavia. Zastaví červenobílou jízdu pohárem kouč Gerrard?";Sport
"Squashová hvězda vyloučena, šla do posilovny. I česká naděje žasla";Sport
"Rangers FC - Slavia, český tým útočí na čtvrtfinále Evropské ligy";Sport
"Po Evropě, jinam ne. Francouzské fotbalové kluby omezují reprezentanty";Sport
"V týmu Komety je charakter, cení si Zámorský po obratu v předkole";Sport
"Play off je tady. Liberečtí hokejisté vstupují do série s Hradcem";Sport
"Třináct zápasů bez porážky. Tuchel má nejlepší vstup z koučů Chelsea";Sport
"Z cestovatele je gólman, který vládne extralize. Roste Kváča i pro NHL?";Sport
"Doma jsme neukázali všechno. Zkusíme Rangers překvapit, slíbil Trpišovský";Sport
"Co se nepodařilo Jestřábům, zkusí v play off Zubři";Sport
"Chelsea přehrála Atlético i doma, Bayern si pojistil postup výhrou";Sport
"Klienti i banky zůstali s námi, říká šéf energetického holdingu Mokrý";Ekonomika
"RECENZE: Filmu Yes Day je lepší říci ne. Pozitiva se v něm hledají těžko";Kultura
"Show musí pokračovat. Skupina Queenie odehraje velký online koncert";Kultura
"Naučili jsme se zatleskat si sami, směje se Petr Fiala";Kultura
"Zpět k jehlicím, odvaha zkusit něco nového. Covid nás změnil i v dobrém";Vztahy
"Osmiletá randí s třináctiletým, rodiče to schvalují";Vztahy
"Záludný zabiják DHMO. Kvůli nevědomosti chtěli politici zakázat vodu";Ostatní
"Na zimní dovolené s Evou nemáme čas, říká přítel Samkové Marek Adamczyk";Celebrity
"Přišla jsem na to, proč lidi tolik irituji, říká Pavlína z MasterChefa";Celebrity
"Nové samsungy se zdají drahé, přitom jsou ve své třídě skoro nejlevnější";Technologie
"Poslechněte si, jak to zní, když jezdí marsovské vozítko po rudé planetě";Věda
"Přerušit očkování AstraZenecou nedává smysl. Naše X vám ukážou proč";Věda
"Nové SUV Škody ve světové premiéře. Kushaq je kompletně indický";Auto-moto
rdý teplický fanoušek Taclík: Chtěl bych hrát Tvrdíka, Malík se ztrapnil";Sport
"Za kokain dvouletý distanc. Mandát u nás končí, reaguje šéf Pardubic Dědek";Sport
"Finále Světového poháru hatí přívaly sněhu, sjezdaři jsou bez tréninku";Sport
"Šilhavého nominace: bez Dočkala a na Belgii i bez hráčů z bundesligy";Sport
"Duel o postup? Ukažte, že to umíte, hecoval brněnskou kabinu Kýhos";Sport
"Graneruda vězní karanténa v Německu ještě teď, péči o něj má i soupeř";Sport
"Dcerka se na gól trochu načekala. Holzer slaví po dvou letech";Sport
"KOMENTÁŘ: Nejstarší herec, nejvíce žen, přenos z nádraží. Jiné Oscary";Kultura
"Filmový architekt Vlček vystavuje v květinářství";Kultura
"VIDEO: Zpěvačka LP vydala nový singl a těší se na turné";Kultura
"Je turínské plátno pravé nebo je to podvrh? Ani církev si není jistá";Ostatní
"Prince Philipa po měsíci propustili z nemocnice. Zamířil na hrad Windsor";Celebrity
"OBRAZEM: Kutcher, Bündchenová i Malek. Celebrity, které mají dvojče";Celebrity
"Spalovací motory skončí za 14 let, zní z EU. Předpisy nesplní ani hybridy";Auto-moto
"Fanoušek významně zkrátil nahrávací časy v GTA V, autoři ho odměnili";Hry
"Pohybové ovládání Zeldy: Skyward Sword HD má být intuitivnější";Hry
"Írán obvinil turistu z Francie ze špionáže. Za let dronem a komentář";Ostatní
"Až od patnácti. Francie zavede hranici pro sex, incest zůstává legální";Zahraničí
"Do Rady ČT se snaží dostat bývalá ústavní soudkyně i Okamurův poradce";Domácí
"Češi si oblíbili domácí pití. Útraty rostou nejvíc za gin a vodku";Ekonomika
"Poslanci se začali testovat, pro vstup do Sněmovny je to nutná podmínka";Domácí
"Izraelci našli části biblických svitků, v Jeskyni hrůz byla i dětská mumie";Zahraničí
"Tesla přejmenovala vedoucí pozice, povedou ji Technokrál a Mistr pokladník";Ekonomika
"Muž neměl po propuštění z vězení kde bydlet. S přítelkyní obsadili dva byty";Regionální
"V Japonsku zjistili novou variantu koronaviru, další identifikovali v USA";Zahraničí
"Češi svorně kritizují váznoucí očkování, třetina pak pod jehlu ale nepůjde";Domácí
"Na dálnici D1 havarovalo až dvacet aut, zranilo se osm lidí";Regionální
"Bankomatů na bitcoiny rychle přibývá, za půl roku počet stoupl o 70 procent";Ekonomika
"Na tři polikliniky v Praze zaútočili hackeři, nefunguje pošta ani objednávky";Domácí
"Motorkář kličkoval mezi paneláky. Odložil stroj i výstroj, ale neunikl";Ostatní
"Blatný odmítl dát záchranářům vyšší odměny než jiným. Bylo by to nefér, tvrdí";Domácí
"Žalář kvůli krádeži rohlíku? Soud odmítl některé tresty z nouzového stavu";Domácí
"Hlídka zastavila auto s osmi dělníky bez roušek a dokladů. Byli i v kufru";Regionální
"Demonstrant hodil na policistu poleno, soud mu zakázal pobývat v Praze";Ostatní
"Šéf poslanců SPD Fiala sdílel sporný příspěvek. Nevidí na něm nic rasistického";Domácí
"Prodej kol plně zasáhne pandemie. Budou dražší, výrobcům chybějí komponenty";Ekonomika
"Zdrogovaná dcera hledala jídlo, otce bouchla do hlavy zmrzlým masem";Regionální
"Čeští poslanci a senátoři vytvořili platformu Přátelé svobodného Ruska";Domácí
"EU musí vyřešit nerovnoměrné rozdělování vakcíny, dohodli se premiéři";Zahraničí
"V Česku zemřeli už čtyři nezletilí pacienti s covidem, informují lékaři";Domácí
"KOMENTÁŘ: Festival bizarnosti jde do finále. Jak bude vypadat volební zákon";Domácí
"Přínosy převládají nad riziky, říká o Astře evropská agentura. Dál ji zkoumá";Domácí
"Vzali mi nejstaršího syna, bylo mu dvanáct. Islamisté stínají dětem hlavy";Zahraničí
"ONLINE: Vítkovice hostí v rozhodujícím duelu předkola Kometu. Kdo postoupí?";Sport
"Německý biatlonista Peiffer ukončil kariéru, do Švédska už nejede";Sport
"Liberec doplnil sestavu semifinalistů, Ostrava ztratila postup i kapitána";Sport
"Siniaková slaví první letošní výhru, v Petrohradu zdolala Flipkensovou";Sport
"Hamza o biatlonových změnách: Musíme posílit v místech, kde nám teče do lodi";Sport
"Wenger navrhuje, aby se fotbalové mistrovství světa konalo každé dva roky";Sport
"Směr Glasgow! Na složitý terén? Slavia odletěla zabojovat o čtvrtfinále";Sport
"Poslední etapa Tirrena: Pogačar celkovým vítězem, Van Aert ovládl časovku";Sport
"Dočkal a reprezentace? Věřím, že o Euro zabojuje svými výkony, říká kouč";Sport
"Švédský rekordman zpět v reprezentaci. Návrat Boha, vítá se Ibrahimovic";Sport
"Unavený Voráček se nevzdal a rozhodl zápas. Ale byl jsem mrtvý, přiznal";Sport
"Veterán Trávníček zůstává ve Slovanu Ústí. Spadl nám z nebe, smeká trenér";Sport
"Testováno dětmi: Jak vybrat správnou čelovku a na co si dát pozor";Ekonomika
"GLOSÁŘ: Vondruška stále nabízí příjemné a napínavé čtení";Kultura
"Jen harmonie a klid vztah zničí, potřebuje bolest i smutek, říká terapeut";Vztahy
"Srdeční selhání? Objevují se čím dál tím mladší pacienti, tvrdí kardiolog";Zdraví
"Rapování mě moc nebaví, chápala jsem to jako recesi, říká Černocká";Celebrity
"Nedočkavé Československo. Lidé před 100 lety napjatě vyhlíželi výsledky sčítání lidu";Věda
"Chystaná akce Dark Alliance konzervativní fanoušky D&D určitě nepotěší";Hry
"Syrská protivzdušná obrana sestřelila rakety, údajně je vyslal Izrael";Zahraničí
"Nejvyšší soud odmítl Rathovo dovolání proti sedmiletému trestu";Domácí
"Chorvatsko žádá evropské očkovací pasy, Petříček odmítá diskriminaci";Zahraničí
"Trpký pád. Strana Merkelové je půl roku před volbami v těžké krizi";Zahraničí
"Policisté v civilu budou v barech hlídat ženy, navrhuje Johnson";Zahraničí
"Real Madrid zdolal Bergamo i doma, Manchester City si pohlídal postup";Sport
"Siniaková slaví první letošní výhru, v Petrohradu postoupila i Martincová";Sport
"Vejmelka po postupu Komety: Jsme na koni, proti Třinci chceme uspět";Sport
"Kometa je ve čtvrtfinále, rozhodující duel předkola vyhrála ve Vítkovicích 3:1";Sport
"Márquez jezdil na okruhu v Barceloně, start MS by mohl stihnout";Sport
"Zotavení z pandemie potrvá déle než rok, myslí si polovina zasažených firem";Ekonomika
"Když běloši nesmějí sdílet snímky černochů. Digitální blackface je na světě";Zahraničí
"Druhý muž české policie odchází. Krákorův nástupce má nastoupit v pondělí";Domácí
"Pomáháme na JIP i v krematoriích. Na deprese nemáme čas, říká šéf hasičů";Domácí
"Místopředsedkyně Pirátů: Netajte čísla o promořenosti, poté nouzový stav zvážíme";Domácí
"Kluk Hertl dospěl. Miluje synův úsměv, vybírá mu oblečení, jen v práci má trable";Sport
"Hlídací Pex „vyčmuchá“ kradené video i hudbu. Kořeny má československé";Ekonomika
"Hypoteční trh nadále láme rekordy, zlevňování ale přibržďuje";Finance
"Kdo musí podat přiznání k dani z nemovitých věcí a jak nechybovat";Finance
"Módní zloduch Alexander McQueen nesnášel celebrity a modelky kropil krví";Móda
"Co je malé, to je sexy. Nepříliš klenutý hrudník může být v módě výhodou";Móda
"Kámen mocnější než injekce botoxu. Probuďte mládí pomocí guashy";Móda
"Bolavý zub může upozornit na nemocné orgány. Před čím varují osmičky?";Zdraví
"Plyšáci, televize i práce. Co do ložnice nepatří?";Ostatní
"Mou největší láskou je pole dance, říká MOgirl Stella";Ostatní
"Vyhýbám se strachu, ten zdraví neprospívá, říká Gabriela Filippi";Celebrity
"Vymírající druh. Dřív populární operátorské smartphony jsou dnes výjimkou";Technologie
"SpaceX chtělo rychle vyřešit exploze svých lodí. A způsobilo tím další";Věda
"Obdivujte krásu naší přírody očima zkušených i mladých fotografů";Ostatní
"Při koupi kamen vycházejte z tepelné ztráty domu a způsobu vytápění";Ostatní
"Čert vyletěl ze zásuvky! Elektromobilní šílenství vzbuzuje u Čechů obavy";Auto-moto
"Auta s turbínou místo motoru se neujala. Přitom jezdila i na tequilu";Auto-moto
"Steam se plní laciným pornem, žádná úchylka není autorům cizí";Hry
"Polský „Pohlreich“ si do své restaurace vybral české židle i barovky";Ostatní
"Kateřina Klausová ze seriálu Slunečná má podkrovní byt v Dejvicích";Ostatní
"OBRAZEM: Nádherné Česko. Čtenáři ukázali fotky z výletů během pandemie";Ostatní
"Sehnali všechno, ale riskovali životy. Vydejte se po pašerácké stezce";Ostatní
"Putin řídil ovlivňování voleb v USA, uvádí zpráva. Rusko hrotilo rasové spory";Zahraničí
"Senát rozhodne o návrhu, který nařizuje kvóty pro české potraviny v obchodech";Domácí
"Trump se o kandidatuře rozhodne za rok. Nechte se očkovat, vyzval příznivce";Zahraničí
"Vzácné koniklece pohlídají dobrovolníci, neukázněné turisty předají policii";Regionální
"Střelba v masážních salonech v USA má osm obětí, hlavně ženy asijského původu";Zahraničí
"Ptáky zabíjí nebezpečná nemoc, zdrojem nákazy jsou neudržovaná krmítka";Regionální
"Pastrňák se Zbořilem bodovali u debutu Vladaře, Hronek táhl Detroit";Sport
"Formalita pro Bayern? Chelsea, či Atlético? LM pozná další čtvrtfinalisty";Sport
"Satoranský v NBA odehrál přes třicet minut a Chicago s přehledem vyhrálo";Sport
"Jančařík vyhlíží Tokio: Těším se na atmosféru v týmu, Češi ji mají úžasnou";Sport
"Absurdnější mobily jsme neviděli. Top modely se proměnily v cihlu zlata";Technologie
"Objem nesplácených úvěrů firem i živnostníků roste, vyplývá z analýz";Ekonomika
"Česko se ve výdajích na obranu polepšilo. Přesto je v NATO sedmé od konce";Ostatní
"Greenpeace obsadili rypadlo v dole Turów. Krade Česku vodu, tvrdí aktivisté";Regionální
"V Nizozemsku finišují volby. Rutte podle průzkumů sestaví už čtvrtou vládu";Zahraničí
"Prima na duben chystá reality show s influencery, ráno přidává seriály";Ostatní
"Vládě radí nová vědecká skupina. Je pod Blatným, jinak by rezignoval";Domácí
"OBRAZEM: Svět slaví den svatého Patrika. Většina akcí se koná online";Zahraničí
"Sebevražda u ministerstva nesouvisela s Ivermektinem, vyvrací fámu policie";Domácí
"Krizový štáb se znovu sešel, Hamáček zhodnotí vývoj situace";Domácí
"Deset tisíc školáků se vyhýbá výuce na dálku, 50 tisícům chybí technika";Domácí
"Senát schválil, že žadatelé o sociální dávky nebudou muset osobně na úřad";Domácí
"Senát je proti kvótám na české potraviny. Nelze kontrolovat, co si lidé koupí";Domácí
"V Německu se situace dál zhoršuje, potvrzuje se varování expertů";Zahraničí
"Falšování potravin je běžné v každé páté restauraci, zjistila inspekce";Ekonomika
"Guvernér Nebrasky vyhlásil den masa, reagoval na bezmasý „útok“ Colorada";Zahraničí
"V úterý přibylo 13 934 případů covidu. Reprodukční číslo se mírně zvýšilo";Domácí
"Pardubičtí politici odvrátili válku s majitelem Dynama, dají mu 6 milionů";Regionální
"Nehoda několika aut blokovala D10 za Prahou, u Kladna se převrátil autobus";Ostatní
"Místopředsedkyně Pirátů: Netajte čísla o promořenosti, pak nouzový stav zvážíme";Domácí
"Půl sekundy od olympijského Tokia. Plavkyně Janíčková chytila druhý dech";Sport
"James je spoluvlastníkem baseballových Red Sox a fotbalového Liverpoolu";Sport
"Ligu basketbalistů téměř zastavil koronavirus. Co bude dál?";Sport
"Budu trpět, ví liberecký Šmíd. Nemůže hrát, tak alespoň radí parťákům";Sport
